id,provider,title,manufacturing_sector,sector_confidence,engineering_domains,possible_components,assembly_confidence,assembly_score,decision,access_status,license,landing_url,download_url,evidence,caveats
mendeley_fff_printer,mendeley,Reactivation and Upgrading of a Legacy FFF 3D Printer,additive_manufacturing,high,motion_actuation | power_transmission | structure_enclosure,frames_brackets_plates | electronics_connectors | motors_servos | pulleys_belts_chains,high,11,priority_download,verified_api,CERN-OHL-P-2.0,https://data.mendeley.com/datasets/v8yf4j9y95/1,https://data.mendeley.com/public-files/datasets/v8yf4j9y95/files/14476f34-6cd8-4872-bc68-7b53dcfaf317/file_downloaded,"parts_evidence:bom | repetition_evidence:fastening | step_brep_format | step_structure:products=141,occurrences=0",
mendeley_tape_module,mendeley,Desktop-Scale Robot Tape Manipulation for Additive Manufacturing,robotics_automation,medium,structure_enclosure,frames_brackets_plates,low,4,reject_or_metadata_only,verified_api,CC-BY-NC-3.0,https://data.mendeley.com/datasets/88ybzv5d5s/2,,parts_evidence:all parts|components | assembly_file:.sldasm,no_step_brep_evidence
mendeley_scarfing_tool,mendeley,ScarfingTool: Advanced Tool to Repair CFRP,machine_tools,high,tooling_machining | electrical_control | fluid_handling,tools_cutters | electronics_connectors | shafts_spindles | valves_pumps_cylinders,low,4,manual_assembly_review,verified_api,CC-BY-SA-4.0,https://data.mendeley.com/datasets/h2zrpfx3pf/1,,parts_evidence:bill of materials | step_brep_format,
mendeley_ap242_engine,mendeley,STEP AP242 Centering Pin Mechanism and Engine Assembly,industrial_equipment,medium,,,medium,5,metadata_first,verified_api,CC-BY-4.0,https://data.mendeley.com/datasets/vgkvj5nn6s/2,,explicit_full_assembly:assembly model | step_brep_format,
mendeley_premove_helmet,mendeley,PREMOVE_HELMET,automotive_mobility,medium,human_interface | structure_enclosure,frames_brackets_plates,low,4,manual_assembly_review,verified_api,CC-BY-NC-3.0,https://data.mendeley.com/datasets/465mjbw33j/3,,parts_evidence:bom|components | step_brep_format,
mendeley_modular_robotics_kit,mendeley,Open-Source Modular Robotics Kit for STEM,robotics_automation,high,electrical_control | motion_actuation,electronics_connectors | motors_servos,medium,7,metadata_first,verified_api,CC-BY-4.0,https://data.mendeley.com/datasets/pmvdtjs2jv/3,,explicit_full_assembly:assemblies | parts_evidence:bom | step_brep_format,
mendeley_mock_blade,mendeley,Mock-blade with dovetail attachments,aerospace_turbomachinery,high,,,medium,6,metadata_first,verified_api,CC-BY-4.0,https://data.mendeley.com/datasets/xkssd7gr92/1,,parts_evidence:bom | assembly_file:assembly.step | step_brep_format,
mendeley_gearpump_gearbox,mendeley,Human-robot collaborative assembly workstation case studies,industrial_equipment,medium,power_transmission | fluid_handling,covers_housings | gears_racks_worms | valves_pumps_cylinders,low,3,reject_or_metadata_only,verified_api,CC-BY-4.0,https://data.mendeley.com/datasets/v3f5cd58hx/1,,explicit_full_assembly:assembled,no_step_brep_evidence
zenodo_generated_reassembly,zenodo,Generated Reassembly Dataset,unknown,low,,,medium,5,metadata_first,verified_direct,CC-BY-4.0,https://zenodo.org/records/7628235,https://zenodo.org/records/7628235/files/generated-reassembly-dataset.zip?download=1,explicit_full_assembly:assemblies | step_brep_format,
zenodo_lbnl_raft_robot,zenodo,LBNL DESI Raft Fiber Robot Assembly,robotics_automation,medium,fastening_joining | structure_enclosure,frames_brackets_plates | screws_bolts,high,11,priority_download,verified_direct,CC-BY-4.0,https://zenodo.org/records/10688571,https://zenodo.org/records/10688571/files/DE-1000-0318_Raft_Assembly_2024-02-21.STEP?download=1,"parts_evidence:parts list | repetition_evidence:screws | step_brep_format | step_structure:products=1,occurrences=285",
zenodo_mk4_prosthetic_hand,zenodo,MK4 Prosthetic Hand,biomedical_rehabilitation,high,power_transmission | human_interface | fastening_joining,gears_racks_worms | pulleys_belts_chains | screws_bolts | springs_elastic,high,9,priority_download,verified_direct,CC-BY-4.0,https://zenodo.org/records/21489522,https://zenodo.org/records/21489522/files/Assembled%20prosthesis.STEP?download=1,explicit_full_assembly:assembled | parts_evidence:components | repetition_evidence:bolts | step_brep_format,
zenodo_cadog_eval,zenodo,cadog Evaluation Assemblies,industrial_equipment,medium,,,medium,7,metadata_first,verified_direct,mixed-review-required,https://zenodo.org/records/17644971,https://zenodo.org/records/17644971/files/cadog-evaluation-data-zenodo-v1.0.2.zip?download=1,explicit_full_assembly:assemblies | parts_evidence:parts list | step_brep_format,
zenodo_allstruder,zenodo,Allstruder Modular Syringe Extruder,additive_manufacturing,medium,structure_enclosure | fluid_handling,frames_brackets_plates | valves_pumps_cylinders,high,12,manual_license_review,verified_direct,unknown,https://zenodo.org/records/21359888,https://zenodo.org/records/21359888/files/Allstruder%20Assembly.STEP?download=1,explicit_full_assembly:complete assembly | parts_evidence:components | assembly_file:assembly.step | step_brep_format | step_structure:solid_markers=18,license_requires_review
dryad_automate,dryad,AutoMate BREP CAD Assemblies,unknown,low,,,medium,7,metadata_first,verified_api,CC0-1.0,https://datadryad.org/dataset/doi:10.5061/dryad.2547d7wvw,,explicit_full_assembly:assemblies | product_structure:assembly graph|mates | step_brep_format,
nist_mtc_box,nist,NIST MTC Box Assembly,automotive_mobility,medium,fastening_joining | structure_enclosure,covers_housings | screws_bolts | frames_brackets_plates | nuts_washers,medium,6,metadata_first,public,NIST-unrestricted,https://pages.nist.gov/CAD-PMI-Testing/step-file-viewer.html,,parts_evidence:bom | repetition_evidence:nuts|screws | step_brep_format,
nist_ftc_fit_assembly,nist,NIST FTC 07-10 Fit Assembly,industrial_equipment,medium,,covers_housings | pulleys_belts_chains,low,2,manual_assembly_review,public,NIST-unrestricted,https://www.nist.gov/ctl/smart-connected-systems-division/smart-connected-manufacturing-systems-group/mbe-pmi-0,,step_brep_format,
steptools_as1_ac,steptools,STEP Tools AS1 AutoCAD Assembly,unknown,low,,pulleys_belts_chains | tools_cutters,high,11,priority_download,verified_direct,sample-use-review,https://steptools.com/docs/stpfiles/ap214/index.html,https://steptools.com/docs/stpfiles/ap214/as1-ac-214.stp,"product_structure:product structure | repetition_evidence:repeated | step_brep_format | step_structure:products=9,occurrences=13",
steptools_as1_ec,steptools,STEP Tools AS1 Euclid Assembly,unknown,low,,pulleys_belts_chains | tools_cutters,high,12,priority_download,verified_direct,sample-use-review,https://steptools.com/docs/stpfiles/ap214/index.html,https://steptools.com/docs/stpfiles/ap214/as1-ec-214.stp,"explicit_full_assembly:assemblies | product_structure:product structure | step_brep_format | step_structure:products=9,occurrences=13",
steptools_as1_ug,steptools,STEP Tools AS1 Unigraphics Assembly,unknown,low,,pulleys_belts_chains | tools_cutters,high,12,priority_download,verified_direct,sample-use-review,https://steptools.com/docs/stpfiles/ap214/index.html,https://steptools.com/docs/stpfiles/ap214/as1-ug-214.stp,"explicit_full_assembly:assemblies | product_structure:product structure | step_brep_format | step_structure:products=9,occurrences=13",
merl_assemblybench,merl,AssemblyBench,industrial_equipment,medium,,,low,0,reject_or_metadata_only,public,research-use-review,https://merl.com/research/downloads/AssemblyBench,,,no_step_brep_evidence
autodesk_fusion_gallery_assembly,autodesk,Fusion 360 Gallery Assembly Dataset,unknown,low,,,low,2,manual_assembly_review,public,research-use-review,https://www.research.autodesk.com/publications/fusion-360-gallery/,,step_brep_format,
onshape_public_documents,onshape,Onshape Public Document Assemblies,unknown,low,,,medium,5,reject_or_metadata_only,login_required,per-document,https://onshape-public.github.io/docs/api-adv/translation/,,explicit_full_assembly:assemblies|entire assembly | product_structure:mates,access_login_required | no_step_brep_evidence
mendeley_arm01,mendeley,ARM-01 Rehabilitation Robot,biomedical_rehabilitation,high,,,low,0,reject_or_metadata_only,verified_api,CC-BY-4.0,https://data.mendeley.com/datasets/c4kc5bdztk/2,,,no_step_brep_evidence
