part_index,part_name,group,volume,surface_area,edge_length,faces,edges,vertices,bbox_max,bbox_mid,bbox_min,moment_max,moment_mid,moment_min,normalized_step
1,part_0001,1,26782.655398985426,20247.168543828433,9278.556530358512,242,687,444,86.59137622339152,86.59137622339152,20.2000002,30111349.954532865,15816701.886797203,15816701.872562049,normalized_parts\part_0001.step
2,part_0002,2,116.68266740739111,276.7420581040831,181.50689315751208,6,12,8,11.800000200017031,8.407559309507958,6.796924690437898,2300.704561005152,1364.952671703961,957.8414644142322,normalized_parts\part_0002.step
3,part_0003,2,116.6826674073912,276.74205810408307,181.50689315751205,6,12,8,11.800000200017028,9.689334866890064,3.9243980596767223,2300.704561005163,1364.9526717039382,957.8414644142176,normalized_parts\part_0003.step
4,part_0004,2,116.68266740739116,276.74205810408273,181.50689315751208,6,12,8,11.800000200017024,9.991353550093255,1.5906460894693524,2300.70456100516,1364.9526717039837,957.8414644143049,normalized_parts\part_0004.step
5,part_0005,2,116.68266740739139,276.74205810408336,181.50689315751214,6,12,8,11.800000200017033,9.486421890875224,4.6660897088518,2300.704561005162,1364.9526717040014,957.8414644143049,normalized_parts\part_0005.step
6,part_0006,2,116.68266740739128,276.7420581040833,181.50689315751208,6,12,8,11.800000200017037,7.94397005518767,7.371625223391693,2300.7045610051487,1364.9526717039494,957.8414644142322,normalized_parts\part_0006.step
7,part_0007,2,116.68266740739102,276.74205810408307,181.50689315751208,6,12,8,11.800000200017037,9.18803396651204,5.443358214455873,2300.7045610051564,1364.9526717039344,957.8414644142176,normalized_parts\part_0007.step
8,part_0008,2,116.6826674073908,276.7420581040834,181.50689315751217,6,12,8,11.80000020001703,9.911758796190657,2.290272508701964,2300.7045610051614,1364.9526717040255,957.8414644143049,normalized_parts\part_0008.step
9,part_0009,2,116.68266740739038,276.74205810408284,181.50689315751208,6,12,8,11.800000200017028,9.834961743303904,3.07869460797048,2300.7045610051487,1364.952671703935,957.8414644142322,normalized_parts\part_0009.step
10,part_0010,2,116.68266740739104,276.74205810408307,181.5068931575121,6,12,8,11.80000020001703,8.849641915730269,6.111708041161933,2300.70456100516,1364.9526717040253,957.8414644143049,normalized_parts\part_0010.step
11,part_0011,2,116.6826674073911,276.7420581040831,181.50689315751208,6,12,8,11.80000020001703,8.407559309507953,6.796924690437898,2300.704561005155,1364.9526717039575,957.8414644142613,normalized_parts\part_0011.step
12,part_0012,2,116.68266740739095,276.74205810408324,181.50689315751208,6,12,8,11.800000200017028,9.689334866890079,3.9243980596766512,2300.7045610051623,1364.9526717039867,957.8414644142758,normalized_parts\part_0012.step
13,part_0013,2,116.68266740739114,276.7420581040832,181.50689315751214,6,12,8,11.800000200017024,9.991353550093251,1.590646089469395,2300.7045610051646,1364.9526717039832,957.8414644142904,normalized_parts\part_0013.step
14,part_0014,2,116.68266740739126,276.74205810408336,181.50689315751214,6,12,8,11.800000200017019,9.486421890875217,4.666089708851864,2300.704561005168,1364.9526717039664,957.8414644142904,normalized_parts\part_0014.step
15,part_0015,2,116.6826674073908,276.74205810408307,181.50689315751208,6,12,8,11.800000200017012,7.94397005518762,7.371625223391739,2300.7045610051678,1364.9526717039885,957.8414644143049,normalized_parts\part_0015.step
16,part_0016,2,116.68266740739125,276.74205810408307,181.50689315751205,6,12,8,11.800000200017013,9.188033966512075,5.44335821445582,2300.7045610051723,1364.952671703984,957.8414644142613,normalized_parts\part_0016.step
17,part_0017,2,116.6826674073908,276.7420581040832,181.5068931575121,6,12,8,11.80000020001702,9.911758796190673,2.290272508701907,2300.7045610051573,1364.9526717039998,957.8414644143195,normalized_parts\part_0017.step
18,part_0018,2,116.68266740739126,276.74205810408324,181.5068931575122,6,12,8,11.800000200017026,9.834961743303904,3.078694607970558,2300.7045610051646,1364.9526717039896,957.8414644142904,normalized_parts\part_0018.step
19,part_0019,2,116.68266740739169,276.7420581040833,181.50689315751208,6,12,8,11.80000020001703,8.84964191573024,6.111708041161986,2300.7045610051837,1364.9526717039798,957.8414644142613,normalized_parts\part_0019.step
20,part_0020,3,6386.445461215318,11469.160970760087,5539.504882599737,118,326,214,75.13932056918355,75.13932056918355,14.500000200000127,5504911.733601133,2870932.8362919334,2870932.8311968804,normalized_parts\part_0020.step
21,part_0021,4,44.75270635762897,303.0970592626165,1495.6892428314488,206,424,218,10.056545380555546,5.951025539732781,5.84499743431428,642.3511589433729,572.0312494883074,209.46070147393766,normalized_parts\part_0021.step
22,part_0022,7,7924.073467704191,9404.458775068159,12258.155647826254,690,1842,1228,63.998654156235006,63.88447366870419,10.00000020000001,6653315.387000307,3383393.938720556,3383393.932631351,normalized_parts\part_0022.step
23,part_0023,4,44.752706357628824,303.0970592626164,1495.6892428314488,206,424,218,10.056545380555546,6.112634866114588,6.069947070147773,642.3511589433843,572.0312494882759,209.46070147390128,normalized_parts\part_0023.step
24,part_0024,4,44.75270635762895,303.0970592626168,1495.6892428314486,206,424,218,10.056545380555546,6.129324378534189,6.107507453254119,642.3511589433763,572.031249488253,209.460701473894,normalized_parts\part_0024.step
25,part_0025,4,44.75270635762894,303.09705926261734,1495.6892428314484,206,424,218,10.056545380555548,6.021509701285828,5.935783163608033,642.3511589433756,572.0312494882646,209.46070147390856,normalized_parts\part_0025.step
26,part_0026,4,44.75270635762918,303.09705926261773,1495.6892428314486,206,424,218,10.056545380555548,5.75621024260178,5.6021461881460795,642.3511589433737,572.0312494882766,209.46070147393038,normalized_parts\part_0026.step
27,part_0027,5,44.75270635762854,303.0970592626156,1495.6892428314482,206,424,218,10.056545380555548,5.391099386372213,5.167858162823897,642.3511589433695,572.0312494882955,209.46070147394494,normalized_parts\part_0027.step
28,part_0028,4,44.75270635762877,303.0970592626159,1495.6892428314484,206,424,218,10.056545380555548,4.878933397885126,4.608206141760419,642.3511589433714,572.031249488261,209.46070147387218,normalized_parts\part_0028.step
29,part_0029,4,44.752706357628966,303.09705926261756,1495.6892428314486,206,424,218,10.05654538055555,4.979050298857026,4.7161696609506585,642.3511589433742,572.0312494882633,209.46070147390856,normalized_parts\part_0029.step
30,part_0030,6,44.75270635762871,303.0970592626164,1495.6892428314488,206,424,218,10.056545380555546,5.466269030352387,5.252043878486706,642.3511589433717,572.0312494882457,209.460701473894,normalized_parts\part_0030.step
31,part_0031,4,44.75270635762899,303.09705926261654,1495.6892428314486,206,424,218,10.056545380555546,5.808896975049269,5.672177834886156,642.3511589433798,572.0312494882722,209.46070147390856,normalized_parts\part_0031.step
32,part_0032,5,44.752706357628995,303.09705926261677,1495.6892428314488,206,424,218,10.056545380555546,6.052502567085618,5.977889775882808,642.3511589433774,572.0312494882664,209.460701473894,normalized_parts\part_0032.step
33,part_0033,4,44.75270635762888,303.09705926261677,1495.6892428314488,206,424,218,10.056545380555548,6.131011672243989,6.120540472444471,642.3511589433825,572.031249488214,209.46070147387218,normalized_parts\part_0033.step
34,part_0034,5,44.75270635762879,303.0970592626163,1495.6892428314493,206,424,218,10.056545380555548,6.096238785431559,6.042282766793633,642.3511589433776,572.0312494882407,209.46070147390128,normalized_parts\part_0034.step
35,part_0035,5,44.752706357629194,303.09705926261745,1495.6892428314486,206,424,218,10.056545380555548,5.905647601516,5.788736143976244,642.3511589433771,572.031249488285,209.4607014739231,normalized_parts\part_0035.step
36,part_0036,4,44.7527063576288,303.09705926261694,1495.6892428314486,206,424,218,10.05654538055555,5.592756914156191,5.395630138330635,642.3511589433687,572.0312494882838,209.46070147393766,normalized_parts\part_0036.step
37,part_0037,4,44.7527063576287,303.0970592626167,1495.6892428314482,206,424,218,10.05654538055555,5.152615184642645,4.9047844772920115,642.3511589433703,572.0312494882098,209.4607014738358,normalized_parts\part_0037.step
38,part_0038,5,44.75270635762885,303.0970592626165,1495.6892428314486,206,424,218,10.056545380555548,4.6835298075966145,4.398934739486215,642.3511589433726,572.0312494882293,209.4607014738649,normalized_parts\part_0038.step
39,part_0039,4,44.75270635762878,303.0970592626159,1495.6892428314486,206,424,218,10.05654538055555,5.240558829251881,5.001188362863921,642.351158943371,572.0312494882662,209.460701473894,normalized_parts\part_0039.step
40,part_0040,4,44.75270635762886,303.09705926261677,1495.6892428314488,206,424,218,10.05654538055555,5.654639072617932,5.467022610283234,642.3511589433717,572.0312494883322,209.46070147399587,normalized_parts\part_0040.step
41,part_0041,4,44.752706357628966,303.0970592626165,1495.6892428314488,206,424,218,10.05654538055555,5.951025539732781,5.84499743431428,642.351158943371,572.0312494882692,209.46070147391583,normalized_parts\part_0041.step
42,part_0042,4,44.75270635762905,303.097059262617,1495.6892428314488,206,424,218,10.05654538055555,6.1126348661145915,6.0699470701477765,642.3511589433748,572.0312494883054,209.46070147394494,normalized_parts\part_0042.step
43,part_0043,4,44.75270635762894,303.0970592626165,1495.6892428314488,206,424,218,10.056545380555548,6.129324378534193,6.107507453254119,642.3511589433599,572.0312494882985,209.46070147394494,normalized_parts\part_0043.step
44,part_0044,5,44.75270635762881,303.0970592626159,1495.6892428314484,206,424,218,10.056545380555548,6.021509701285822,5.935783163608029,642.3511589433682,572.0312494882374,209.46070147385763,normalized_parts\part_0044.step
45,part_0045,4,44.752706357628924,303.0970592626179,1495.6892428314486,206,424,218,10.056545380555548,5.756210242601762,5.602146188146058,642.3511589433751,572.0312494882796,209.46070147390856,normalized_parts\part_0045.step
46,part_0046,4,44.75270635762898,303.09705926261813,1495.689242831448,206,424,218,10.056545380555548,5.391099386372197,5.1678581628238724,642.3511589433748,572.0312494882511,209.46070147387945,normalized_parts\part_0046.step
47,part_0047,4,44.7527063576291,303.0970592626169,1495.6892428314484,206,424,218,10.056545380555546,4.8789333978851,4.608206141760391,642.3511589433746,572.0312494882031,209.4607014738358,normalized_parts\part_0047.step
48,part_0048,4,44.752706357628625,303.09705926261654,1495.6892428314488,206,424,218,10.056545380555546,4.979050298857049,4.71616966095068,642.3511589433709,572.0312494882409,209.4607014738649,normalized_parts\part_0048.step
49,part_0049,4,44.75270635762901,303.09705926261677,1495.6892428314484,206,424,218,10.056545380555546,5.466269030352403,5.252043878486727,642.351158943372,572.0312494882255,209.4607014738649,normalized_parts\part_0049.step
50,part_0050,4,44.75270635762885,303.09705926261654,1495.6892428314486,206,424,218,10.056545380555548,5.808896975049285,5.672177834886181,642.3511589433726,572.0312494882667,209.46070147390128,normalized_parts\part_0050.step
51,part_0051,4,44.75270635762888,303.09705926261665,1495.6892428314488,206,424,218,10.056545380555548,6.052502567085622,5.977889775882815,642.3511589433658,572.0312494882471,209.46070147388673,normalized_parts\part_0051.step
52,part_0052,4,44.752706357628874,303.0970592626164,1495.6892428314484,206,424,218,10.056545380555548,6.131011672244,6.120540472444475,642.3511589433839,572.0312494882963,209.4607014739595,normalized_parts\part_0052.step
53,part_0053,5,44.75270635762897,303.09705926261637,1495.689242831448,206,424,218,10.056545380555548,6.096238785431543,6.042282766793626,642.3511589433851,572.0312494882332,209.46070147387218,normalized_parts\part_0053.step
54,part_0054,5,44.752706357629094,303.0970592626171,1495.6892428314488,206,424,218,10.056545380555546,5.905647601515994,5.78873614397623,642.3511589433733,572.0312494882505,209.46070147385763,normalized_parts\part_0054.step
55,part_0055,4,44.75270635762884,303.09705926261734,1495.6892428314486,206,424,218,10.056545380555546,5.592756914156167,5.395630138330617,642.3511589433676,572.0312494882749,209.4607014739231,normalized_parts\part_0055.step
56,part_0056,4,44.752706357629044,303.09705926261773,1495.6892428314488,206,424,218,10.056545380555546,5.152615184642624,4.904784477291994,642.3511589433754,572.0312494882443,209.46070147387945,normalized_parts\part_0056.step
57,part_0057,4,44.75270635762885,303.09705926261654,1495.6892428314484,206,424,218,10.056545380555548,4.683529807596643,4.3989347394862435,642.351158943372,572.031249488251,209.46070147390856,normalized_parts\part_0057.step
58,part_0058,4,44.75270635762899,303.09705926261705,1495.6892428314484,206,424,218,10.056545380555546,5.240558829251906,5.001188362863935,642.3511589433722,572.0312494882653,209.46070147390128,normalized_parts\part_0058.step
59,part_0059,4,44.75270635762884,303.0970592626165,1495.6892428314488,206,424,218,10.056545380555546,5.654639072617943,5.467022610283248,642.3511589433684,572.0312494882427,209.460701473894,normalized_parts\part_0059.step
60,part_0060,8,1846.0588739926636,1676.193207982799,2316.4007999510814,104,289,192,22.000000200000002,22.0000002,20.7000002,73064.8561820693,73064.85617322552,54270.2529230792,normalized_parts\part_0060.step
61,part_0061,9,1028.8381589422672,1618.831673144211,1986.6793146677805,97,462,313,20.378220291066555,20.37822029106655,6.000000200000006,56917.73292930136,31276.025051534514,31276.02501173042,normalized_parts\part_0061.step
62,part_0062,10,6085.745282471124,3986.304398135897,2372.3455952420445,58,138,80,39.5000002,39.5000002,7.500000200000002,1003551.237243734,527708.1312080431,527708.129707858,normalized_parts\part_0062.step
63,part_0063,11,1888.7520407345592,3324.660352898027,4283.053201283474,80,468,328,46.02532114771082,46.02532114771082,5.000000200000002,749156.8476146759,377842.76880373486,377842.64993108704,normalized_parts\part_0063.step
64,part_0064,12,3190.140775794835,3619.5994947109843,6013.5032580724455,321,957,638,46.00000020000001,46.00000020000001,7.000000200000005,1452889.1669658371,739470.9953458866,739470.9879556044,normalized_parts\part_0064.step
65,part_0065,13,1010.5795799282389,1083.8097297711,2218.3272611054067,128,378,252,16.0000002,15.945665569869098,7.0000002,32821.86563559551,20537.466103897284,20537.466101112164,normalized_parts\part_0065.step
66,part_0066,13,1010.5795799282391,1083.8097297711,2218.3272611054067,128,378,252,16.000000200000006,15.945665569869101,7.000000200000013,32821.865635595495,20537.466103897288,20537.466101112175,normalized_parts\part_0066.step
67,part_0067,13,1010.5795799282389,1083.8097297711,2218.3272611054067,128,378,252,16.0000002,15.945665569869094,7.000000200000013,32821.865635595495,20537.4661038973,20537.466101112164,normalized_parts\part_0067.step
68,part_0068,14,4491.755174578524,3840.629137136908,2253.954340170468,52,132,88,35.0000002,35.0000002,17.5000002,803913.8681842571,494981.6450194193,494981.6446460401,normalized_parts\part_0068.step
69,part_0069,15,188.84936845425864,249.52174904872277,316.76955657881973,26,58,33,12.0000002,7.5300002000000035,7.5300002000000035,2948.914968715624,2948.9149678561653,682.011509294836,normalized_parts\part_0069.step
70,part_0070,15,188.84936845425858,249.52174904872277,316.76955657881973,26,58,33,12.000000199999999,7.530000200000004,7.5300002000000035,2948.9149687156223,2948.9149678561644,682.0115092948362,normalized_parts\part_0070.step
71,part_0071,15,188.8493684542586,249.52174904872277,316.76955657881973,26,58,33,12.0000002,7.530000200000004,7.5300002000000035,2948.9149687156214,2948.9149678561635,682.011509294836,normalized_parts\part_0071.step
72,part_0072,16,14681.77346820341,14516.23341225585,6863.3841594594,171,423,279,86.59252755348642,83.93148401286378,10.001151530094912,10991638.557759529,5816465.254273761,5550317.455577115,normalized_parts\part_0072.step
73,part_0073,17,2304.1814968213494,3857.3259998938875,971.7273519984766,6,12,8,53.00000020000001,53.00000020000001,1.300000200000003,968116.2570238457,484382.63472788676,484382.6334175635,normalized_parts\part_0073.step
74,part_0074,18,55.12658422918143,165.85743496761017,229.20983892796596,18,36,24,6.142463548035698,3.5750750800813442,3.300000200000003,240.97995705204386,238.34189411721843,122.08858759839495,normalized_parts\part_0074.step
75,part_0075,19,26.12731063209195,124.88890838410434,225.0180829255351,23,48,32,5.040454655810136,3.300000200000003,2.876346492717744,93.3701533197549,82.55126175165954,47.034698048324145,normalized_parts\part_0075.step
76,part_0076,20,26.127310632091955,124.88890838410434,225.0180829255351,23,48,32,5.0404546558101355,3.300000200000003,2.876346492717744,93.3701533197553,82.55126175163593,47.034698048305955,normalized_parts\part_0076.step
77,part_0077,21,15.619956855627622,47.07285732514714,144.03385780788946,25,56,33,4.6000002,3.2471768008771846,3.247176800877181,31.752608028188497,31.752608007043783,14.003583182300604,normalized_parts\part_0077.step
78,part_0078,21,15.619956855627622,47.07285732514714,144.03385780788952,25,56,33,4.6000002,3.2471768008771846,3.247176800877181,31.752608028188536,31.752608007043815,14.003583182300606,normalized_parts\part_0078.step
79,part_0079,21,15.619956855627622,47.07285732514714,144.03385780788946,25,56,33,4.6000002,3.2471768008771846,3.247176800877181,31.752608028188533,31.752608007043833,14.00358318230061,normalized_parts\part_0079.step
80,part_0080,21,15.619956855627615,47.07285732514714,144.03385780788946,25,56,33,4.6000002,3.2471768008771846,3.247176800877181,31.752608028188533,31.752608007043804,14.003583182300586,normalized_parts\part_0080.step
81,part_0081,21,15.61995685562762,47.07285732514714,144.03385780788946,25,56,33,4.6000002,3.2471768008771846,3.247176800877181,31.752608028188533,31.75260800704382,14.003583182300606,normalized_parts\part_0081.step
82,part_0082,21,15.619956855627626,47.07285732514714,144.03385780788946,25,56,33,4.6000002,3.247176800877183,3.2471768008771704,31.75260802818858,31.75260800704387,14.003583182300606,normalized_parts\part_0082.step
83,part_0083,21,15.61995685562762,47.07285732514714,144.03385780788946,25,56,33,4.6000002,3.2471768008771846,3.247176800877181,31.75260802818851,31.75260800704381,14.003583182300607,normalized_parts\part_0083.step
84,part_0084,21,15.619956855627624,47.07285732514714,144.0338578078895,25,56,33,4.6000002,3.2471768008771846,3.247176800877181,31.752608028188543,31.752608007043836,14.003583182300595,normalized_parts\part_0084.step
